1l2y:ChainA:LEU2	-43.980011	-51.308759	General
1l2y:ChainA:TYR3	-66.465859	-30.898015	General
1l2y:ChainA:ILE4	-65.219431	-45.944674	General
1l2y:ChainA:GLN5	-64.746593	-30.346291	General
1l2y:ChainA:TRP6	-73.135536	-43.424569	General
1l2y:ChainA:LEU7	-64.882039	-43.254513	General
1l2y:ChainA:LYS8	-59.508678	-25.698195	General
1l2y:ChainA:ASP9	-77.989305	-8.823077	General
1l2y:ChainA:GLY10	110.784056	8.079244	Glycine
1l2y:ChainA:GLY11	55.244208	-124.371412	Glycine
1l2y:ChainA:PRO12	-57.983047	-28.765631	Proline
1l2y:ChainA:SER13	-81.834044	19.125080	General
1l2y:ChainA:SER14	-124.056537	13.401207	General
1l2y:ChainA:GLY15	67.931473	25.217738	Glycine
1l2y:ChainA:ARG16	-143.951592	131.297019	Pre-Pro
1l2y:ChainA:PRO17	-70.100046	160.067908	Proline
1l2y:ChainA:PRO18	-69.483686	145.668832	Proline
1l2y:ChainA:PRO19	-77.264168	124.222893	Proline
1l2y:ChainA:LEU2	-62.001055	-10.743111	General
1l2y:ChainA:TYR3	-54.777714	-31.943154	General
1l2y:ChainA:ILE4	-59.675095	-49.112236	General
1l2y:ChainA:GLN5	-67.405540	-33.181279	General
1l2y:ChainA:TRP6	-66.802066	-45.942427	General
1l2y:ChainA:LEU7	-61.177115	-36.998369	General
1l2y:ChainA:LYS8	-52.985326	-33.477777	General
1l2y:ChainA:ASP9	-75.190121	-11.090109	General
1l2y:ChainA:GLY10	107.094381	10.338614	Glycine
1l2y:ChainA:GLY11	58.271467	-125.196285	Glycine
1l2y:ChainA:PRO12	-58.257234	-23.171627	Proline
1l2y:ChainA:SER13	-83.816805	7.255816	General
1l2y:ChainA:SER14	-103.954098	1.865998	General
1l2y:ChainA:GLY15	75.786756	-37.519118	Glycine
1l2y:ChainA:ARG16	-75.915401	131.689749	Pre-Pro
1l2y:ChainA:PRO17	-65.088873	162.403988	Proline
1l2y:ChainA:PRO18	-67.711275	142.303369	Proline
1l2y:ChainA:PRO19	-78.664547	117.650227	Proline
1l2y:ChainA:LEU2	-92.032780	-0.300845	General
1l2y:ChainA:TYR3	-57.539965	-36.500642	General
1l2y:ChainA:ILE4	-62.919215	-44.922630	General
1l2y:ChainA:GLN5	-61.810804	-46.516043	General
1l2y:ChainA:TRP6	-64.045946	-43.557821	General
1l2y:ChainA:LEU7	-63.067800	-36.059443	General
1l2y:ChainA:LYS8	-56.132506	-33.508955	General
1l2y:ChainA:ASP9	-71.948865	-5.988744	General
1l2y:ChainA:GLY10	108.329635	-2.046459	Glycine
1l2y:ChainA:GLY11	60.770389	-129.115452	Glycine
1l2y:ChainA:PRO12	-54.765332	-29.755282	Proline
1l2y:ChainA:SER13	-67.206680	-23.675955	General
1l2y:ChainA:SER14	-78.847694	-6.434559	General
1l2y:ChainA:GLY15	75.051514	-31.489542	Glycine
1l2y:ChainA:ARG16	-64.153391	135.281943	Pre-Pro
1l2y:ChainA:PRO17	-65.400868	159.857377	Proline
1l2y:ChainA:PRO18	-70.988218	162.813425	Proline
1l2y:ChainA:PRO19	-76.835725	-21.751892	Proline
1l2y:ChainA:LEU2	-49.421403	-38.982062	General
1l2y:ChainA:TYR3	-59.547962	-30.968795	General
1l2y:ChainA:ILE4	-65.200874	-51.189310	General
1l2y:ChainA:GLN5	-56.527459	-48.060425	General
1l2y:ChainA:TRP6	-57.542521	-46.990026	General
1l2y:ChainA:LEU7	-65.066155	-39.707135	General
1l2y:ChainA:LYS8	-54.722602	-39.995803	General
1l2y:ChainA:ASP9	-76.655535	-11.847843	General
1l2y:ChainA:GLY10	122.814241	9.282008	Glycine
1l2y:ChainA:GLY11	50.064395	-108.735127	Glycine
1l2y:ChainA:PRO12	-56.009629	-27.659484	Proline
1l2y:ChainA:SER13	-89.611522	7.336973	General
1l2y:ChainA:SER14	-84.139869	-5.234078	General
1l2y:ChainA:GLY15	72.281135	17.500942	Glycine
1l2y:ChainA:ARG16	-143.265608	143.635172	Pre-Pro
1l2y:ChainA:PRO17	-65.276224	157.928679	Proline
1l2y:ChainA:PRO18	-70.886995	140.703293	Proline
1l2y:ChainA:PRO19	-77.974869	133.458191	Proline
1l2y:ChainA:LEU2	72.954631	-34.827247	General
1l2y:ChainA:TYR3	-54.307993	-39.324325	General
1l2y:ChainA:ILE4	-61.256311	-50.026617	General
1l2y:ChainA:GLN5	-64.818511	-37.824055	General
1l2y:ChainA:TRP6	-61.385515	-46.323132	General
1l2y:ChainA:LEU7	-59.644178	-37.113801	General
1l2y:ChainA:LYS8	-57.062495	-31.947231	General
1l2y:ChainA:ASP9	-70.195004	-19.836240	General
1l2y:ChainA:GLY10	122.075100	5.656108	Glycine
1l2y:ChainA:GLY11	59.944469	-133.699952	Glycine
1l2y:ChainA:PRO12	-54.207702	-29.119080	Proline
1l2y:ChainA:SER13	-81.440031	21.321219	General
1l2y:ChainA:SER14	-122.281844	8.425041	General
1l2y:ChainA:GLY15	67.528166	24.980062	Glycine
1l2y:ChainA:ARG16	-148.934274	134.075328	Pre-Pro
1l2y:ChainA:PRO17	-71.561161	161.724910	Proline
1l2y:ChainA:PRO18	-68.785804	146.252703	Proline
1l2y:ChainA:PRO19	-82.743131	97.090806	Proline
1l2y:ChainA:LEU2	63.447892	-33.930696	General
1l2y:ChainA:TYR3	-54.347998	-32.056725	General
1l2y:ChainA:ILE4	-61.462498	-46.980879	General
1l2y:ChainA:GLN5	-62.957378	-44.248357	General
1l2y:ChainA:TRP6	-62.919875	-39.331478	General
1l2y:ChainA:LEU7	-64.747485	-38.360528	General
1l2y:ChainA:LYS8	-54.794838	-33.783536	General
1l2y:ChainA:ASP9	-67.375866	-20.349388	General
1l2y:ChainA:GLY10	119.366349	8.018761	Glycine
1l2y:ChainA:GLY11	59.488154	-133.774827	Glycine
1l2y:ChainA:PRO12	-53.747438	-31.299196	Proline
1l2y:ChainA:SER13	-77.088784	10.133006	General
1l2y:ChainA:SER14	-98.959064	-1.812766	General
1l2y:ChainA:GLY15	73.613624	-38.947107	Glycine
1l2y:ChainA:ARG16	-73.849091	136.526979	Pre-Pro
1l2y:ChainA:PRO17	-70.642702	161.297468	Proline
1l2y:ChainA:PRO18	-69.296327	147.750936	Proline
1l2y:ChainA:PRO19	-79.620501	-18.525038	Proline
1l2y:ChainA:LEU2	-71.447261	-13.362141	General
1l2y:ChainA:TYR3	-54.237427	-39.513655	General
1l2y:ChainA:ILE4	-61.247073	-45.134899	General
1l2y:ChainA:GLN5	-68.079723	-34.926412	General
1l2y:ChainA:TRP6	-65.010414	-47.189463	General
1l2y:ChainA:LEU7	-60.752646	-30.175828	General
1l2y:ChainA:LYS8	-54.038637	-34.854799	General
1l2y:ChainA:ASP9	-74.086352	-48.024318	General
1l2y:ChainA:GLY10	158.904330	26.909273	Glycine
1l2y:ChainA:GLY11	53.684849	-133.379745	Glycine
1l2y:ChainA:PRO12	-55.740175	-28.773302	Proline
1l2y:ChainA:SER13	-75.783041	3.285135	General
1l2y:ChainA:SER14	-81.751684	-7.871369	General
1l2y:ChainA:GLY15	77.051682	12.286139	Glycine
1l2y:ChainA:ARG16	-143.861218	138.003167	Pre-Pro
1l2y:ChainA:PRO17	-65.867190	161.013461	Proline
1l2y:ChainA:PRO18	-69.732059	162.585696	Proline
1l2y:ChainA:PRO19	-81.177717	-19.704333	Proline
1l2y:ChainA:LEU2	-43.940600	-46.936594	General
1l2y:ChainA:TYR3	-62.664633	-33.792743	General
1l2y:ChainA:ILE4	-64.898093	-45.532570	General
1l2y:ChainA:GLN5	-62.639407	-38.891213	General
1l2y:ChainA:TRP6	-63.034928	-45.131820	General
1l2y:ChainA:LEU7	-58.647909	-37.419363	General
1l2y:ChainA:LYS8	-57.080863	-27.647252	General
1l2y:ChainA:ASP9	-73.920792	-20.139963	General
1l2y:ChainA:GLY10	121.350363	10.066108	Glycine
1l2y:ChainA:GLY11	57.242106	-134.957841	Glycine
1l2y:ChainA:PRO12	-55.891901	-27.220567	Proline
1l2y:ChainA:SER13	-78.307307	12.184923	General
1l2y:ChainA:SER14	-107.193157	-4.075342	General
1l2y:ChainA:GLY15	70.642482	19.436917	Glycine
1l2y:ChainA:ARG16	-135.502267	134.142767	Pre-Pro
1l2y:ChainA:PRO17	-68.984076	160.049563	Proline
1l2y:ChainA:PRO18	-70.610637	149.043286	Proline
1l2y:ChainA:PRO19	-85.461965	-8.166455	Proline
1l2y:ChainA:LEU2	57.131639	-18.339345	General
1l2y:ChainA:TYR3	-60.388610	-38.911393	General
1l2y:ChainA:ILE4	-60.252929	-47.276727	General
1l2y:ChainA:GLN5	-63.458249	-38.104746	General
1l2y:ChainA:TRP6	-64.489680	-45.322748	General
1l2y:ChainA:LEU7	-60.576087	-40.447504	General
1l2y:ChainA:LYS8	-51.322064	-34.120814	General
1l2y:ChainA:ASP9	-71.650220	-39.972757	General
1l2y:ChainA:GLY10	151.762039	12.643400	Glycine
1l2y:ChainA:GLY11	59.450818	-134.867315	Glycine
1l2y:ChainA:PRO12	-59.802767	-26.200106	Proline
1l2y:ChainA:SER13	-82.138312	8.500473	General
1l2y:ChainA:SER14	-91.616634	-4.268387	General
1l2y:ChainA:GLY15	78.025649	-38.334263	Glycine
1l2y:ChainA:ARG16	-74.441542	135.489659	Pre-Pro
1l2y:ChainA:PRO17	-67.321736	160.071190	Proline
1l2y:ChainA:PRO18	-70.025274	139.533249	Proline
1l2y:ChainA:PRO19	-78.815511	138.729783	Proline
1l2y:ChainA:LEU2	-76.310899	-4.250655	General
1l2y:ChainA:TYR3	-58.422877	-30.221310	General
1l2y:ChainA:ILE4	-59.000315	-48.129350	General
1l2y:ChainA:GLN5	-63.554414	-31.113311	General
1l2y:ChainA:TRP6	-76.392344	-43.609365	General
1l2y:ChainA:LEU7	-65.556479	-43.983623	General
1l2y:ChainA:LYS8	-60.497930	-19.407195	General
1l2y:ChainA:ASP9	-78.557175	-15.860667	General
1l2y:ChainA:GLY10	118.836559	6.013768	Glycine
1l2y:ChainA:GLY11	54.926320	-128.516267	Glycine
1l2y:ChainA:PRO12	-53.623102	-34.207672	Proline
1l2y:ChainA:SER13	-74.976092	7.043949	General
1l2y:ChainA:SER14	-95.077544	-11.281668	General
1l2y:ChainA:GLY15	73.695108	27.892602	Glycine
1l2y:ChainA:ARG16	-145.907758	140.439929	Pre-Pro
1l2y:ChainA:PRO17	-70.669735	160.319824	Proline
1l2y:ChainA:PRO18	-71.037070	154.482244	Proline
1l2y:ChainA:PRO19	-77.243927	110.885165	Proline
1l2y:ChainA:LEU2	-79.795053	-4.321905	General
1l2y:ChainA:TYR3	-58.385493	-35.508428	General
1l2y:ChainA:ILE4	-62.250336	-51.086611	General
1l2y:ChainA:GLN5	-55.679842	-47.556878	General
1l2y:ChainA:TRP6	-61.588061	-47.099295	General
1l2y:ChainA:LEU7	-63.423005	-34.599307	General
1l2y:ChainA:LYS8	-58.362964	-36.600749	General
1l2y:ChainA:ASP9	-69.899539	-21.101724	General
1l2y:ChainA:GLY10	113.865544	20.518388	Glycine
1l2y:ChainA:GLY11	53.711006	-124.692203	Glycine
1l2y:ChainA:PRO12	-58.290832	-23.879692	Proline
1l2y:ChainA:SER13	-60.974065	-31.218685	General
1l2y:ChainA:SER14	-81.187501	-5.075917	General
1l2y:ChainA:GLY15	77.911988	-27.627366	Glycine
1l2y:ChainA:ARG16	-64.021883	137.142669	Pre-Pro
1l2y:ChainA:PRO17	-69.216262	161.228987	Proline
1l2y:ChainA:PRO18	-71.497183	148.092122	Proline
1l2y:ChainA:PRO19	-76.284615	142.182769	Proline
1l2y:ChainA:LEU2	62.680153	0.819958	General
1l2y:ChainA:TYR3	-58.694804	-39.788172	General
1l2y:ChainA:ILE4	-56.150705	-45.070346	General
1l2y:ChainA:GLN5	-61.628756	-52.161946	General
1l2y:ChainA:TRP6	-61.222484	-39.102262	General
1l2y:ChainA:LEU7	-63.136620	-37.099382	General
1l2y:ChainA:LYS8	-58.805934	-31.707657	General
1l2y:ChainA:ASP9	-66.066075	-23.999360	General
1l2y:ChainA:GLY10	120.975785	10.254487	Glycine
1l2y:ChainA:GLY11	54.392388	-127.066614	Glycine
1l2y:ChainA:PRO12	-57.458271	-23.665184	Proline
1l2y:ChainA:SER13	-83.385632	2.544426	General
1l2y:ChainA:SER14	-93.438944	-3.503024	General
1l2y:ChainA:GLY15	72.507546	-39.715110	Glycine
1l2y:ChainA:ARG16	-68.599925	137.514268	Pre-Pro
1l2y:ChainA:PRO17	-71.137087	159.183501	Proline
1l2y:ChainA:PRO18	-74.178818	156.196460	Proline
1l2y:ChainA:PRO19	-84.766769	-5.670977	Proline
1l2y:ChainA:LEU2	66.319261	-33.723527	General
1l2y:ChainA:TYR3	-56.041757	-33.527991	General
1l2y:ChainA:ILE4	-63.568528	-50.789219	General
1l2y:ChainA:GLN5	-60.889044	-42.076801	General
1l2y:ChainA:TRP6	-62.026426	-46.074787	General
1l2y:ChainA:LEU7	-60.867045	-37.770671	General
1l2y:ChainA:LYS8	-56.682507	-28.255077	General
1l2y:ChainA:ASP9	-75.921407	-11.009219	General
1l2y:ChainA:GLY10	106.706751	11.247449	Glycine
1l2y:ChainA:GLY11	59.904211	-127.791812	Glycine
1l2y:ChainA:PRO12	-57.976219	-20.680727	Proline
1l2y:ChainA:SER13	-88.954492	4.973204	General
1l2y:ChainA:SER14	-99.130468	-1.168219	General
1l2y:ChainA:GLY15	75.786423	-34.952456	Glycine
1l2y:ChainA:ARG16	-72.859246	133.756650	Pre-Pro
1l2y:ChainA:PRO17	-66.377921	157.743118	Proline
1l2y:ChainA:PRO18	-70.154288	134.925663	Proline
1l2y:ChainA:PRO19	-77.110811	142.076130	Proline
1l2y:ChainA:LEU2	-110.105738	-3.640761	General
1l2y:ChainA:TYR3	-61.459847	-33.617579	General
1l2y:ChainA:ILE4	-58.564983	-50.384078	General
1l2y:ChainA:GLN5	-64.455269	-41.886266	General
1l2y:ChainA:TRP6	-62.810960	-43.574562	General
1l2y:ChainA:LEU7	-65.217597	-35.934810	General
1l2y:ChainA:LYS8	-54.068566	-37.945408	General
1l2y:ChainA:ASP9	-83.377628	-8.415178	General
1l2y:ChainA:GLY10	111.980145	23.168132	Glycine
1l2y:ChainA:GLY11	48.795350	-108.991979	Glycine
1l2y:ChainA:PRO12	-55.123701	-28.671399	Proline
1l2y:ChainA:SER13	-82.694648	-0.043935	General
1l2y:ChainA:SER14	-82.419366	-3.669502	General
1l2y:ChainA:GLY15	77.429530	17.513871	Glycine
1l2y:ChainA:ARG16	-153.845218	144.819737	Pre-Pro
1l2y:ChainA:PRO17	-70.519796	164.743489	Proline
1l2y:ChainA:PRO18	-65.905383	138.776857	Proline
1l2y:ChainA:PRO19	-83.767150	106.840295	Proline
1l2y:ChainA:LEU2	-105.583241	1.904032	General
1l2y:ChainA:TYR3	-56.989101	-38.525783	General
1l2y:ChainA:ILE4	-61.489780	-50.224325	General
1l2y:ChainA:GLN5	-62.068058	-42.272810	General
1l2y:ChainA:TRP6	-60.719021	-39.656625	General
1l2y:ChainA:LEU7	-66.418405	-37.657040	General
1l2y:ChainA:LYS8	-53.414684	-39.766592	General
1l2y:ChainA:ASP9	-70.508057	-11.957396	General
1l2y:ChainA:GLY10	113.221111	14.422540	Glycine
1l2y:ChainA:GLY11	50.907303	-120.211733	Glycine
1l2y:ChainA:PRO12	-54.698212	-28.242929	Proline
1l2y:ChainA:SER13	-79.600500	2.971985	General
1l2y:ChainA:SER14	-88.961551	-8.952997	General
1l2y:ChainA:GLY15	74.267071	20.076706	Glycine
1l2y:ChainA:ARG16	-142.297605	138.866798	Pre-Pro
1l2y:ChainA:PRO17	-65.576537	159.357564	Proline
1l2y:ChainA:PRO18	-70.439976	148.003867	Proline
1l2y:ChainA:PRO19	-79.793259	145.566068	Proline
1l2y:ChainA:LEU2	-41.273806	-60.778295	General
1l2y:ChainA:TYR3	-62.099528	-39.693835	General
1l2y:ChainA:ILE4	-58.965930	-51.504249	General
1l2y:ChainA:GLN5	-55.126306	-46.537831	General
1l2y:ChainA:TRP6	-63.972434	-47.288429	General
1l2y:ChainA:LEU7	-60.688386	-39.214349	General
1l2y:ChainA:LYS8	-57.220471	-34.454551	General
1l2y:ChainA:ASP9	-72.951309	-17.539496	General
1l2y:ChainA:GLY10	121.752052	5.863668	Glycine
1l2y:ChainA:GLY11	55.555608	-124.065364	Glycine
1l2y:ChainA:PRO12	-55.265421	-33.705216	Proline
1l2y:ChainA:SER13	-60.747592	-23.167785	General
1l2y:ChainA:SER14	-70.665128	-12.938282	General
1l2y:ChainA:GLY15	71.892168	12.085662	Glycine
1l2y:ChainA:ARG16	-120.845551	138.276525	Pre-Pro
1l2y:ChainA:PRO17	-63.375928	158.667091	Proline
1l2y:ChainA:PRO18	-69.576314	154.255515	Proline
1l2y:ChainA:PRO19	-80.058555	114.025894	Proline
1l2y:ChainA:LEU2	-52.368013	-37.267417	General
1l2y:ChainA:TYR3	-58.825172	-35.519980	General
1l2y:ChainA:ILE4	-64.694341	-46.469452	General
1l2y:ChainA:GLN5	-59.450919	-45.962481	General
1l2y:ChainA:TRP6	-60.071449	-44.513432	General
1l2y:ChainA:LEU7	-61.671110	-38.652652	General
1l2y:ChainA:LYS8	-56.837255	-35.234871	General
1l2y:ChainA:ASP9	-66.364826	-23.228062	General
1l2y:ChainA:GLY10	122.535648	11.178744	Glycine
1l2y:ChainA:GLY11	58.546793	-134.827603	Glycine
1l2y:ChainA:PRO12	-57.500804	-21.148836	Proline
1l2y:ChainA:SER13	-86.474958	21.098656	General
1l2y:ChainA:SER14	-121.995102	11.755094	General
1l2y:ChainA:GLY15	66.124239	23.192704	Glycine
1l2y:ChainA:ARG16	-144.514431	130.561990	Pre-Pro
1l2y:ChainA:PRO17	-70.948181	166.667704	Proline
1l2y:ChainA:PRO18	-65.970830	142.540653	Proline
1l2y:ChainA:PRO19	-75.588651	106.687654	Proline
1l2y:ChainA:LEU2	60.498021	-3.114510	General
1l2y:ChainA:TYR3	-61.000884	-35.771513	General
1l2y:ChainA:ILE4	-62.876264	-41.817696	General
1l2y:ChainA:GLN5	-66.782181	-39.723056	General
1l2y:ChainA:TRP6	-62.795006	-46.138612	General
1l2y:ChainA:LEU7	-60.619326	-37.676652	General
1l2y:ChainA:LYS8	-54.067862	-34.130807	General
1l2y:ChainA:ASP9	-80.738565	-2.811051	General
1l2y:ChainA:GLY10	106.607536	9.230029	Glycine
1l2y:ChainA:GLY11	52.140215	-114.646788	Glycine
1l2y:ChainA:PRO12	-56.119626	-24.234412	Proline
1l2y:ChainA:SER13	-86.476863	4.028383	General
1l2y:ChainA:SER14	-93.473671	4.344263	General
1l2y:ChainA:GLY15	69.472506	13.012218	Glycine
1l2y:ChainA:ARG16	-144.960271	137.633078	Pre-Pro
1l2y:ChainA:PRO17	-65.273640	162.026787	Proline
1l2y:ChainA:PRO18	-68.341378	146.642515	Proline
1l2y:ChainA:PRO19	-74.647509	137.680322	Proline
1l2y:ChainA:LEU2	58.980337	-1.155755	General
1l2y:ChainA:TYR3	-59.225561	-38.586528	General
1l2y:ChainA:ILE4	-59.821478	-50.951801	General
1l2y:ChainA:GLN5	-60.457746	-40.716913	General
1l2y:ChainA:TRP6	-60.685260	-45.412281	General
1l2y:ChainA:LEU7	-61.959425	-44.095432	General
1l2y:ChainA:LYS8	-54.448537	-35.466753	General
1l2y:ChainA:ASP9	-69.035917	-32.707755	General
1l2y:ChainA:GLY10	135.559183	4.303590	Glycine
1l2y:ChainA:GLY11	57.232252	-125.971836	Glycine
1l2y:ChainA:PRO12	-58.742087	-25.323716	Proline
1l2y:ChainA:SER13	-80.042193	7.915894	General
1l2y:ChainA:SER14	-108.554530	7.176410	General
1l2y:ChainA:GLY15	69.486422	19.864240	Glycine
1l2y:ChainA:ARG16	-137.620304	128.170787	Pre-Pro
1l2y:ChainA:PRO17	-68.963200	165.134605	Proline
1l2y:ChainA:PRO18	-63.132407	135.627249	Proline
1l2y:ChainA:PRO19	-81.123811	145.700302	Proline
1l2y:ChainA:LEU2	68.391961	-32.958750	General
1l2y:ChainA:TYR3	-57.036698	-37.145912	General
1l2y:ChainA:ILE4	-56.937273	-50.616865	General
1l2y:ChainA:GLN5	-61.756952	-44.430677	General
1l2y:ChainA:TRP6	-59.917272	-47.100640	General
1l2y:ChainA:LEU7	-61.861511	-41.306017	General
1l2y:ChainA:LYS8	-55.973293	-36.220517	General
1l2y:ChainA:ASP9	-70.042300	-22.637952	General
1l2y:ChainA:GLY10	126.199415	5.309851	Glycine
1l2y:ChainA:GLY11	54.606952	-123.798753	Glycine
1l2y:ChainA:PRO12	-58.114709	-29.495706	Proline
1l2y:ChainA:SER13	-64.505649	-18.800509	General
1l2y:ChainA:SER14	-83.838188	-4.642312	General
1l2y:ChainA:GLY15	74.385403	-35.726849	Glycine
1l2y:ChainA:ARG16	-62.418901	133.398973	Pre-Pro
1l2y:ChainA:PRO17	-66.489176	163.230880	Proline
1l2y:ChainA:PRO18	-66.785325	159.344155	Proline
1l2y:ChainA:PRO19	-79.941994	-20.908296	Proline
1l2y:ChainA:LEU2	-53.159900	-36.055313	General
1l2y:ChainA:TYR3	-57.038149	-34.528401	General
1l2y:ChainA:ILE4	-62.832928	-47.595016	General
1l2y:ChainA:GLN5	-61.720243	-42.628333	General
1l2y:ChainA:TRP6	-61.420666	-47.505460	General
1l2y:ChainA:LEU7	-62.407528	-36.111352	General
1l2y:ChainA:LYS8	-58.887933	-35.567826	General
1l2y:ChainA:ASP9	-71.497104	-7.164922	General
1l2y:ChainA:GLY10	106.808895	10.100809	Glycine
1l2y:ChainA:GLY11	57.901722	-129.622877	Glycine
1l2y:ChainA:PRO12	-57.775408	-27.288439	Proline
1l2y:ChainA:SER13	-62.508882	-33.472795	General
1l2y:ChainA:SER14	-70.644649	-15.064068	General
1l2y:ChainA:GLY15	81.049057	35.790603	Glycine
1l2y:ChainA:ARG16	-138.730425	143.210873	Pre-Pro
1l2y:ChainA:PRO17	-72.448641	160.036423	Proline
1l2y:ChainA:PRO18	-71.754749	152.669520	Proline
1l2y:ChainA:PRO19	-74.334389	105.374294	Proline
1l2y:ChainA:LEU2	-58.806764	-24.428448	General
1l2y:ChainA:TYR3	-54.424530	-36.112884	General
1l2y:ChainA:ILE4	-62.514496	-49.591999	General
1l2y:ChainA:GLN5	-63.830488	-40.227409	General
1l2y:ChainA:TRP6	-61.489885	-47.220722	General
1l2y:ChainA:LEU7	-64.633515	-36.366946	General
1l2y:ChainA:LYS8	-57.802891	-39.248187	General
1l2y:ChainA:ASP9	-71.014944	-15.692480	General
1l2y:ChainA:GLY10	119.520097	8.357962	Glycine
1l2y:ChainA:GLY11	58.140590	-118.509435	Glycine
1l2y:ChainA:PRO12	-58.648912	-23.297627	Proline
1l2y:ChainA:SER13	-92.540278	27.894468	General
1l2y:ChainA:SER14	-118.065186	3.160090	General
1l2y:ChainA:GLY15	67.663571	28.258315	Glycine
1l2y:ChainA:ARG16	-153.707117	141.517339	Pre-Pro
1l2y:ChainA:PRO17	-73.334761	165.351313	Proline
1l2y:ChainA:PRO18	-65.721316	150.629347	Proline
1l2y:ChainA:PRO19	-79.585798	-35.992550	Proline
1l2y:ChainA:LEU2	63.921904	-47.118148	General
1l2y:ChainA:TYR3	-55.864302	-37.043037	General
1l2y:ChainA:ILE4	-58.971612	-50.033084	General
1l2y:ChainA:GLN5	-61.878321	-40.405560	General
1l2y:ChainA:TRP6	-60.216809	-45.546080	General
1l2y:ChainA:LEU7	-63.471333	-39.254062	General
1l2y:ChainA:LYS8	-55.051477	-34.337215	General
1l2y:ChainA:ASP9	-69.525126	-20.280832	General
1l2y:ChainA:GLY10	116.574202	6.925537	Glycine
1l2y:ChainA:GLY11	55.955490	-127.446769	Glycine
1l2y:ChainA:PRO12	-59.291008	-22.573602	Proline
1l2y:ChainA:SER13	-61.106021	-29.399359	General
1l2y:ChainA:SER14	-89.369209	6.332321	General
1l2y:ChainA:GLY15	72.582668	-28.206001	Glycine
1l2y:ChainA:ARG16	-56.545741	127.590035	Pre-Pro
1l2y:ChainA:PRO17	-70.173582	162.415092	Proline
1l2y:ChainA:PRO18	-69.081073	159.743716	Proline
1l2y:ChainA:PRO19	-78.280483	-18.849143	Proline
1l2y:ChainA:LEU2	-84.195042	0.539643	General
1l2y:ChainA:TYR3	-56.330768	-33.936940	General
1l2y:ChainA:ILE4	-60.557566	-43.897792	General
1l2y:ChainA:GLN5	-62.572778	-48.115625	General
1l2y:ChainA:TRP6	-60.634855	-38.189168	General
1l2y:ChainA:LEU7	-63.259607	-37.612716	General
1l2y:ChainA:LYS8	-57.676361	-32.375485	General
1l2y:ChainA:ASP9	-67.006534	-13.448976	General
1l2y:ChainA:GLY10	107.908242	11.604326	Glycine
1l2y:ChainA:GLY11	55.329942	-135.170345	Glycine
1l2y:ChainA:PRO12	-54.161499	-32.012800	Proline
1l2y:ChainA:SER13	-63.523544	-23.242206	General
1l2y:ChainA:SER14	-82.758263	-3.902076	General
1l2y:ChainA:GLY15	72.978489	-33.991205	Glycine
1l2y:ChainA:ARG16	-60.683959	138.579631	Pre-Pro
1l2y:ChainA:PRO17	-71.907609	159.297270	Proline
1l2y:ChainA:PRO18	-70.365903	149.959756	Proline
1l2y:ChainA:PRO19	-77.021422	127.374313	Proline
1l2y:ChainA:LEU2	-57.191528	-34.576373	General
1l2y:ChainA:TYR3	-54.904289	-36.763499	General
1l2y:ChainA:ILE4	-64.043830	-52.596723	General
1l2y:ChainA:GLN5	-59.633896	-46.154510	General
1l2y:ChainA:TRP6	-55.502836	-50.768617	General
1l2y:ChainA:LEU7	-62.724777	-41.112081	General
1l2y:ChainA:LYS8	-55.570476	-41.823879	General
1l2y:ChainA:ASP9	-68.176721	-6.965382	General
1l2y:ChainA:GLY10	105.059860	10.804934	Glycine
1l2y:ChainA:GLY11	57.079973	-119.178009	Glycine
1l2y:ChainA:PRO12	-54.040701	-27.370290	Proline
1l2y:ChainA:SER13	-59.536665	-28.933764	General
1l2y:ChainA:SER14	-77.949526	-7.209258	General
1l2y:ChainA:GLY15	80.029160	-9.848513	Glycine
1l2y:ChainA:ARG16	-88.419043	139.563687	Pre-Pro
1l2y:ChainA:PRO17	-64.707162	163.322686	Proline
1l2y:ChainA:PRO18	-66.445396	136.157503	Proline
1l2y:ChainA:PRO19	-88.663664	108.993560	Proline
1l2y:ChainA:LEU2	-72.371721	4.878739	General
1l2y:ChainA:TYR3	-57.324064	-37.344178	General
1l2y:ChainA:ILE4	-58.509285	-41.325512	General
1l2y:ChainA:GLN5	-63.551101	-41.466081	General
1l2y:ChainA:TRP6	-64.339017	-42.368311	General
1l2y:ChainA:LEU7	-61.480033	-37.684020	General
1l2y:ChainA:LYS8	-52.798887	-37.555878	General
1l2y:ChainA:ASP9	-70.665768	-25.949954	General
1l2y:ChainA:GLY10	128.336557	2.235074	Glycine
1l2y:ChainA:GLY11	57.212751	-125.419660	Glycine
1l2y:ChainA:PRO12	-55.828998	-28.713271	Proline
1l2y:ChainA:SER13	-74.749588	-3.762417	General
1l2y:ChainA:SER14	-93.379730	-4.874216	General
1l2y:ChainA:GLY15	74.420519	-36.021737	Glycine
1l2y:ChainA:ARG16	-72.424168	134.374425	Pre-Pro
1l2y:ChainA:PRO17	-68.259834	163.983878	Proline
1l2y:ChainA:PRO18	-70.028302	154.218336	Proline
1l2y:ChainA:PRO19	-81.845290	-25.411090	Proline
1l2y:ChainA:LEU2	-59.354415	-10.133738	General
1l2y:ChainA:TYR3	-53.297664	-36.186484	General
1l2y:ChainA:ILE4	-63.154119	-38.092244	General
1l2y:ChainA:GLN5	-67.962175	-46.726356	General
1l2y:ChainA:TRP6	-60.634557	-41.983346	General
1l2y:ChainA:LEU7	-59.987517	-37.478997	General
1l2y:ChainA:LYS8	-57.310692	-34.563709	General
1l2y:ChainA:ASP9	-67.158489	-16.752112	General
1l2y:ChainA:GLY10	112.074130	8.707849	Glycine
1l2y:ChainA:GLY11	56.707685	-132.939429	Glycine
1l2y:ChainA:PRO12	-56.440095	-29.191128	Proline
1l2y:ChainA:SER13	-73.827095	3.409989	General
1l2y:ChainA:SER14	-114.798558	13.092610	General
1l2y:ChainA:GLY15	68.074357	24.480854	Glycine
1l2y:ChainA:ARG16	-141.150467	135.316357	Pre-Pro
1l2y:ChainA:PRO17	-72.916579	160.247939	Proline
1l2y:ChainA:PRO18	-70.286116	157.110443	Proline
1l2y:ChainA:PRO19	-80.506108	-16.981626	Proline
1l2y:ChainA:LEU2	61.259470	-2.457590	General
1l2y:ChainA:TYR3	-58.165850	-39.099752	General
1l2y:ChainA:ILE4	-59.609080	-42.399162	General
1l2y:ChainA:GLN5	-66.600031	-42.434107	General
1l2y:ChainA:TRP6	-61.048067	-42.994141	General
1l2y:ChainA:LEU7	-65.124011	-37.116202	General
1l2y:ChainA:LYS8	-55.246042	-38.333809	General
1l2y:ChainA:ASP9	-77.112810	3.365520	General
1l2y:ChainA:GLY10	99.698746	11.439704	Glycine
1l2y:ChainA:GLY11	50.678165	-110.407214	Glycine
1l2y:ChainA:PRO12	-55.717324	-26.802198	Proline
1l2y:ChainA:SER13	-86.590024	4.404947	General
1l2y:ChainA:SER14	-91.398336	-4.798086	General
1l2y:ChainA:GLY15	75.088221	-10.003700	Glycine
1l2y:ChainA:ARG16	-112.493591	139.757295	Pre-Pro
1l2y:ChainA:PRO17	-64.383791	159.935321	Proline
1l2y:ChainA:PRO18	-69.730436	140.808700	Proline
1l2y:ChainA:PRO19	-76.391761	141.069757	Proline
1l2y:ChainA:LEU2	66.433722	-42.016730	General
1l2y:ChainA:TYR3	-53.786582	-36.960854	General
1l2y:ChainA:ILE4	-60.175272	-48.232662	General
1l2y:ChainA:GLN5	-64.937852	-38.687592	General
1l2y:ChainA:TRP6	-62.667781	-49.352045	General
1l2y:ChainA:LEU7	-59.812867	-34.345337	General
1l2y:ChainA:LYS8	-53.466182	-36.710606	General
1l2y:ChainA:ASP9	-70.633508	-49.635649	General
1l2y:ChainA:GLY10	160.610165	25.968374	Glycine
1l2y:ChainA:GLY11	51.603853	-133.853167	Glycine
1l2y:ChainA:PRO12	-55.970984	-25.567065	Proline
1l2y:ChainA:SER13	-78.280565	6.703611	General
1l2y:ChainA:SER14	-90.246733	-7.623473	General
1l2y:ChainA:GLY15	76.604069	-18.792255	Glycine
1l2y:ChainA:ARG16	-100.952570	138.217728	Pre-Pro
1l2y:ChainA:PRO17	-66.004921	159.803946	Proline
1l2y:ChainA:PRO18	-68.368645	147.290418	Proline
1l2y:ChainA:PRO19	-75.303667	150.354649	Proline
1l2y:ChainA:LEU2	-77.597921	2.176593	General
1l2y:ChainA:TYR3	-60.845920	-34.433193	General
1l2y:ChainA:ILE4	-58.006346	-52.700401	General
1l2y:ChainA:GLN5	-59.846769	-40.125465	General
1l2y:ChainA:TRP6	-62.815089	-45.932523	General
1l2y:ChainA:LEU7	-62.131761	-37.235717	General
1l2y:ChainA:LYS8	-54.338720	-31.777010	General
1l2y:ChainA:ASP9	-74.656140	-13.229726	General
1l2y:ChainA:GLY10	115.891898	2.638413	Glycine
1l2y:ChainA:GLY11	65.171919	-128.694215	Glycine
1l2y:ChainA:PRO12	-58.237694	-24.377845	Proline
1l2y:ChainA:SER13	-87.638182	20.237266	General
1l2y:ChainA:SER14	-120.361052	6.501806	General
1l2y:ChainA:GLY15	66.611629	27.105071	Glycine
1l2y:ChainA:ARG16	-144.261327	132.595468	Pre-Pro
1l2y:ChainA:PRO17	-70.621407	157.911835	Proline
1l2y:ChainA:PRO18	-71.662909	154.806387	Proline
1l2y:ChainA:PRO19	-75.025615	139.422377	Proline
1l2y:ChainA:LEU2	-81.689401	7.042338	General
1l2y:ChainA:TYR3	-60.944377	-29.933147	General
1l2y:ChainA:ILE4	-62.510259	-52.085969	General
1l2y:ChainA:GLN5	-57.025808	-49.665373	General
1l2y:ChainA:TRP6	-57.517188	-43.009578	General
1l2y:ChainA:LEU7	-67.013083	-39.209684	General
1l2y:ChainA:LYS8	-53.941276	-35.897962	General
1l2y:ChainA:ASP9	-72.299381	-19.400706	General
1l2y:ChainA:GLY10	120.906817	8.743397	Glycine
1l2y:ChainA:GLY11	54.962082	-124.248023	Glycine
1l2y:ChainA:PRO12	-55.036479	-28.478290	Proline
1l2y:ChainA:SER13	-76.443602	-3.759839	General
1l2y:ChainA:SER14	-91.444721	-3.829848	General
1l2y:ChainA:GLY15	76.513929	-33.676542	Glycine
1l2y:ChainA:ARG16	-74.178552	135.501057	Pre-Pro
1l2y:ChainA:PRO17	-69.018755	161.008507	Proline
1l2y:ChainA:PRO18	-68.087909	138.791842	Proline
1l2y:ChainA:PRO19	-77.916044	138.148327	Proline
1l2y:ChainA:LEU2	-57.755688	-16.364750	General
1l2y:ChainA:TYR3	-51.155490	-36.249877	General
1l2y:ChainA:ILE4	-63.175285	-44.715855	General
1l2y:ChainA:GLN5	-65.569972	-44.797596	General
1l2y:ChainA:TRP6	-60.114984	-38.134505	General
1l2y:ChainA:LEU7	-63.321922	-33.499731	General
1l2y:ChainA:LYS8	-58.114363	-35.868900	General
1l2y:ChainA:ASP9	-65.050041	-20.724652	General
1l2y:ChainA:GLY10	118.643780	7.748011	Glycine
1l2y:ChainA:GLY11	59.948073	-132.947704	Glycine
1l2y:ChainA:PRO12	-55.349320	-30.811304	Proline
1l2y:ChainA:SER13	-79.587799	14.622046	General
1l2y:ChainA:SER14	-112.819839	3.503080	General
1l2y:ChainA:GLY15	71.629037	21.448693	Glycine
1l2y:ChainA:ARG16	-144.553566	135.440321	Pre-Pro
1l2y:ChainA:PRO17	-68.977134	158.924315	Proline
1l2y:ChainA:PRO18	-69.889977	151.488979	Proline
1l2y:ChainA:PRO19	-84.893205	150.315103	Proline
1l2y:ChainA:LEU2	-52.941732	-40.575693	General
1l2y:ChainA:TYR3	-64.823691	-35.723604	General
1l2y:ChainA:ILE4	-62.627801	-43.413888	General
1l2y:ChainA:GLN5	-60.034218	-41.687234	General
1l2y:ChainA:TRP6	-65.250290	-43.461830	General
1l2y:ChainA:LEU7	-60.335837	-39.489446	General
1l2y:ChainA:LYS8	-50.688646	-37.527609	General
1l2y:ChainA:ASP9	-74.499641	-16.626074	General
1l2y:ChainA:GLY10	121.336331	11.059470	Glycine
1l2y:ChainA:GLY11	50.475065	-119.542983	Glycine
1l2y:ChainA:PRO12	-57.901616	-26.601680	Proline
1l2y:ChainA:SER13	-82.465111	-0.866253	General
1l2y:ChainA:SER14	-84.496267	-9.516984	General
1l2y:ChainA:GLY15	77.008292	13.052269	Glycine
1l2y:ChainA:ARG16	-137.893172	136.295301	Pre-Pro
1l2y:ChainA:PRO17	-65.263413	160.410196	Proline
1l2y:ChainA:PRO18	-69.200337	149.368601	Proline
1l2y:ChainA:PRO19	-86.342110	-10.291859	Proline
1l2y:ChainA:LEU2	-97.054676	4.101371	General
1l2y:ChainA:TYR3	-58.253667	-35.693610	General
1l2y:ChainA:ILE4	-61.418272	-50.378513	General
1l2y:ChainA:GLN5	-59.365766	-44.575581	General
1l2y:ChainA:TRP6	-60.470425	-46.355398	General
1l2y:ChainA:LEU7	-60.140429	-42.041935	General
1l2y:ChainA:LYS8	-58.670496	-25.701313	General
1l2y:ChainA:ASP9	-81.097399	-12.336655	General
1l2y:ChainA:GLY10	118.236719	4.028321	Glycine
1l2y:ChainA:GLY11	60.553038	-130.583364	Glycine
1l2y:ChainA:PRO12	-66.857334	11.146486	Proline
1l2y:ChainA:SER13	-115.956292	12.183146	General
1l2y:ChainA:SER14	-120.264502	8.773341	General
1l2y:ChainA:GLY15	68.621040	20.547698	Glycine
1l2y:ChainA:ARG16	-136.452328	133.917720	Pre-Pro
1l2y:ChainA:PRO17	-70.436251	159.315671	Proline
1l2y:ChainA:PRO18	-72.371232	146.555304	Proline
1l2y:ChainA:PRO19	-81.651994	127.631335	Proline
1l2y:ChainA:LEU2	-60.893160	-8.408135	General
1l2y:ChainA:TYR3	-54.656989	-34.862508	General
1l2y:ChainA:ILE4	-60.481114	-47.853222	General
1l2y:ChainA:GLN5	-68.419306	-39.362858	General
1l2y:ChainA:TRP6	-62.409076	-44.305266	General
1l2y:ChainA:LEU7	-61.146663	-42.288584	General
1l2y:ChainA:LYS8	-53.136549	-32.837434	General
1l2y:ChainA:ASP9	-76.059582	-18.929995	General
1l2y:ChainA:GLY10	124.147692	9.304369	Glycine
1l2y:ChainA:GLY11	51.658198	-118.974294	Glycine
1l2y:ChainA:PRO12	-57.304412	-26.915428	Proline
1l2y:ChainA:SER13	-81.258061	1.291971	General
1l2y:ChainA:SER14	-89.277645	-1.948519	General
1l2y:ChainA:GLY15	75.876793	-36.726271	Glycine
1l2y:ChainA:ARG16	-83.227550	136.785685	Pre-Pro
1l2y:ChainA:PRO17	-65.556279	164.677123	Proline
1l2y:ChainA:PRO18	-69.544262	156.178652	Proline
1l2y:ChainA:PRO19	-81.639036	-24.792907	Proline
1l2y:ChainA:LEU2	-51.657892	-40.045363	General
1l2y:ChainA:TYR3	-60.275107	-29.099450	General
1l2y:ChainA:ILE4	-66.539026	-51.115705	General
1l2y:ChainA:GLN5	-54.482853	-51.845503	General
1l2y:ChainA:TRP6	-57.696936	-44.457697	General
1l2y:ChainA:LEU7	-61.646812	-37.061229	General
1l2y:ChainA:LYS8	-64.242420	-16.311916	General
1l2y:ChainA:ASP9	-88.627291	-9.738023	General
1l2y:ChainA:GLY10	115.320730	5.394092	Glycine
1l2y:ChainA:GLY11	55.644983	-130.254474	Glycine
1l2y:ChainA:PRO12	-53.967609	-32.803992	Proline
1l2y:ChainA:SER13	-63.668519	-22.368797	General
1l2y:ChainA:SER14	-82.531564	-3.887697	General
1l2y:ChainA:GLY15	74.125080	-30.503107	Glycine
1l2y:ChainA:ARG16	-65.919701	133.800871	Pre-Pro
1l2y:ChainA:PRO17	-65.569692	160.274540	Proline
1l2y:ChainA:PRO18	-69.343401	153.833154	Proline
1l2y:ChainA:PRO19	-75.640573	130.558725	Proline
1l2y:ChainA:LEU2	-86.959651	7.869314	General
1l2y:ChainA:TYR3	-55.844649	-39.863598	General
1l2y:ChainA:ILE4	-62.144504	-45.206299	General
1l2y:ChainA:GLN5	-68.005196	-35.231388	General
1l2y:ChainA:TRP6	-64.925385	-45.245927	General
1l2y:ChainA:LEU7	-65.478908	-32.437996	General
1l2y:ChainA:LYS8	-52.957007	-37.250822	General
1l2y:ChainA:ASP9	-71.168421	-52.573855	General
1l2y:ChainA:GLY10	162.430363	29.348600	Glycine
1l2y:ChainA:GLY11	51.454921	-133.235762	Glycine
1l2y:ChainA:PRO12	-57.490825	-24.568593	Proline
1l2y:ChainA:SER13	-75.026562	-11.239940	General
1l2y:ChainA:SER14	-69.641303	-10.377020	General
1l2y:ChainA:GLY15	79.943141	-35.732644	Glycine
1l2y:ChainA:ARG16	-79.469654	138.123808	Pre-Pro
1l2y:ChainA:PRO17	-64.014278	160.679569	Proline
1l2y:ChainA:PRO18	-72.482950	155.508622	Proline
1l2y:ChainA:PRO19	-81.605487	-18.271847	Proline
1l2y:ChainA:LEU2	-75.587710	5.060161	General
1l2y:ChainA:TYR3	-59.323378	-31.969017	General
1l2y:ChainA:ILE4	-57.727448	-49.775024	General
1l2y:ChainA:GLN5	-60.575611	-45.155452	General
1l2y:ChainA:TRP6	-59.646932	-47.934827	General
1l2y:ChainA:LEU7	-62.557881	-40.374909	General
1l2y:ChainA:LYS8	-57.792951	-38.826709	General
1l2y:ChainA:ASP9	-69.601966	-20.052414	General
1l2y:ChainA:GLY10	124.306306	8.880982	Glycine
1l2y:ChainA:GLY11	57.238877	-124.947130	Glycine
1l2y:ChainA:PRO12	-56.308598	-30.424920	Proline
1l2y:ChainA:SER13	-75.342067	12.045287	General
1l2y:ChainA:SER14	-109.987020	3.324147	General
1l2y:ChainA:GLY15	69.514396	20.409898	Glycine
1l2y:ChainA:ARG16	-135.109163	129.592785	Pre-Pro
1l2y:ChainA:PRO17	-67.257336	159.950956	Proline
1l2y:ChainA:PRO18	-67.651778	122.353447	Proline
1l2y:ChainA:PRO19	-76.157620	131.562983	Proline
